pollster,sponsor,method,sample_n,field_start,field_end,moe,response_rate,approve,disapprove,dem,ppp,rebuild,reform,progressive,none,source_url,note
한국갤럽,한국갤럽 자체조사,전화면접,1000,2026-06-23,2026-06-25,3.1,10.5,51.0,41.0,41.0,27.0,2.0,4.0,1.0,23.0,https://www.gallup.co.kr/gallupdb/reportContent.asp?seqNo=1645,데일리 오피니언 제666호
한국갤럽,한국갤럽 자체조사,전화면접,1005,2026-06-30,2026-07-02,3.1,10.2,54.0,36.0,41.0,26.0,2.0,2.0,1.0,25.0,https://www.gallup.co.kr/gallupdb/reportContent.asp?seqNo=1647,제667호
한국갤럽,한국갤럽 자체조사,전화면접,1002,2026-07-07,2026-07-09,3.1,9.7,53.0,35.0,42.0,24.0,3.0,3.0,1.0,26.0,https://www.gallup.co.kr/gallupdb/reportContent.asp?seqNo=1648,제668호
한국갤럽,한국갤럽 자체조사,전화면접,1003,2026-07-14,2026-07-16,3.1,11.1,52.0,37.0,40.0,26.0,2.0,2.0,1.0,28.0,https://www.gallup.co.kr/gallupdb/reportContent.asp?seqNo=1650,제669호
한국갤럽,한국갤럽 자체조사,전화면접,1003,2026-07-21,2026-07-23,3.1,10.7,51.0,38.0,44.0,23.0,2.0,2.0,1.0,27.0,https://www.gallup.co.kr/gallupdb/reportContent.asp?seqNo=1651,제670호
한국갤럽,한국갤럽 자체조사,전화면접,1000,2026-08-11,2026-08-13,3.1,9.7,44.0,46.0,41.0,25.0,2.0,3.0,1.0,28.0,https://www.gallup.co.kr/gallupdb/reportContent.asp?seqNo=1653,제671호
한국갤럽,한국갤럽 자체조사,전화면접,1004,2026-08-18,2026-08-20,3.1,10.0,45.0,45.0,41.0,25.0,2.0,2.0,2.0,26.0,https://www.gallup.co.kr/gallupdb/reportContent.asp?seqNo=1654,제672호
한국갤럽,한국갤럽 자체조사,전화면접,1001,2026-08-25,2026-08-27,3.1,9.5,42.0,50.0,39.0,25.0,4.0,3.0,1.0,26.0,https://www.gallup.co.kr/gallupdb/reportContent.asp?seqNo=1656,제673호
한국갤럽,한국갤럽 자체조사,전화면접,1001,2026-09-01,2026-09-03,3.1,10.9,40.0,51.0,38.0,30.0,3.0,1.0,1.0,25.0,https://www.gallup.co.kr/gallupdb/reportContent.asp?seqNo=1657,제674호
한국갤럽,한국갤럽 자체조사,전화면접,1000,2026-09-08,2026-09-10,3.1,9.4,38.0,51.0,38.0,29.0,2.0,3.0,2.0,26.0,https://www.gallup.co.kr/gallupdb/reportContent.asp?seqNo=1658,제675호
한국갤럽,한국갤럽 자체조사,전화면접,1002,2026-09-15,2026-09-17,3.1,9.8,37.0,56.0,40.0,27.0,3.0,3.0,1.0,25.0,https://www.gallup.co.kr/gallupdb/reportContent.asp?seqNo=1659,제676호
NBS(엠브레인퍼블릭·케이스탯리서치·코리아리서치·한국리서치),4개사 공동 자체조사,전화면접,1000,2026-06-29,2026-07-01,3.1,20.0,58.0,35.0,42.0,20.0,2.0,2.0,1.0,29.0,https://www.ajunews.com/view/20260702114235347,무선 가상번호 100%; MOE·응답률은 topstarnews idxno=16120854
NBS(엠브레인퍼블릭·케이스탯리서치·코리아리서치·한국리서치),4개사 공동 자체조사,전화면접,1000,2026-07-13,2026-07-15,3.1,16.4,55.0,34.0,38.0,22.0,2.0,3.0,2.0,32.0,https://www.kyeonggi.com/article/20260716580156,무선 가상번호
NBS(엠브레인퍼블릭·케이스탯리서치·코리아리서치·한국리서치),4개사 공동 자체조사,전화면접,1000,2026-07-27,2026-07-29,,,53.0,37.0,40.0,21.0,2.0,2.0,1.0,32.0,https://www.fnnews.com/news/202607301113150562,MOE·응답률 기사 미기재
NBS(엠브레인퍼블릭·케이스탯리서치·코리아리서치·한국리서치),4개사 공동 자체조사,전화면접,1001,2026-08-10,2026-08-12,,,49.0,43.0,40.0,23.0,2.0,2.0,1.0,28.0,https://www.topstarnews.net/news/articleView.html?idxno=16162581,조사일은 munhwa.com/article/11609353; 긍정·부정은 topstarnews idxno=16162573; MOE·응답률 미확인
NBS(엠브레인퍼블릭·케이스탯리서치·코리아리서치·한국리서치),4개사 공동 자체조사,전화면접,1001,2026-08-24,2026-08-26,3.1,15.4,50.0,43.0,41.0,20.0,2.0,2.0,1.0,30.0,https://www.topstarnews.net/news/articleView.html?idxno=16174977,긍정·부정은 v.daum.net/v/5KesIbDg5R; 다음 기사는 무당층 31%(태도유보 포함)로 표기
NBS(엠브레인퍼블릭·케이스탯리서치·코리아리서치·한국리서치),4개사 공동 자체조사,전화면접,1002,2026-09-07,2026-09-09,3.1,15.4,43.0,48.0,39.0,25.0,3.0,1.0,1.0,28.0,https://www.topstarnews.net/news/articleView.html?idxno=16188752,긍정·부정은 topstarnews idxno=16188741
NBS(엠브레인퍼블릭·케이스탯리서치·코리아리서치·한국리서치),4개사 공동 자체조사,전화면접,1000,2026-09-28,2026-09-30,3.1,18.8,43.0,50.0,35.0,25.0,3.0,2.0,1.0,32.0,https://www.kado.net/news/articleView.html?idxno=2075893,10월 1일 발표
한국사회여론연구소(KSOI),한국사회여론연구소 자체조사,무선ARS,1001,2026-08-18,2026-08-19,3.1,5.8,42.8,52.5,42.5,32.0,,,,,https://biz.heraldcorp.com/article/10847065,소수정당·무당층 기사 미기재; 응답률 표기는 기사 기준
한국사회여론연구소(KSOI),한국사회여론연구소 자체조사,무선ARS,1001,2026-08-31,2026-09-01,,,41.2,,,,,,,,https://www.topstarnews.net/news/articleView.html?idxno=16228957,추이 언급으로 긍정률만 확인
한국사회여론연구소(KSOI),한국사회여론연구소 자체조사,무선ARS,1001,2026-09-14,2026-09-15,,,35.9,59.4,36.3,33.2,4.3,3.0,1.2,17.3,https://www.polinews.co.kr/news/articleView.html?idxno=743315,제31차 정기조사; 모름 2.0% 별도
한국사회여론연구소(KSOI),한국사회여론연구소 자체조사,무선ARS,1001,2026-09-28,2026-09-29,3.1,5.8,38.5,57.8,36.3,37.7,3.7,1.6,1.0,15.4,https://www.polinews.co.kr/news/articleView.html?idxno=744501,제32차 정기조사; 모름 1.6% 별도; MOE·응답률은 topstarnews idxno=16228957
리얼미터,에너지경제신문,무선ARS,2515,2026-06-08,2026-06-12,2.0,4.3,51.5,44.2,,,,,,,https://www.khan.co.kr/article/202606150845001,국정수행; 2026-06-15 공표
리얼미터,에너지경제신문,무선ARS,1002,2026-06-11,2026-06-12,3.1,3.8,,,38.0,44.3,3.7,2.8,1.2,7.8,https://www.khan.co.kr/article/202606150845001,정당지지도; 2026-06-15 공표
리얼미터,에너지경제신문,무선ARS,2502,2026-06-22,2026-06-26,2.0,4.1,46.5,49.5,,,,,,,https://www.fnnews.com/news/202606290820269491,국정수행; 2026-06-29 공표
리얼미터,에너지경제신문,무선ARS,1002,2026-06-25,2026-06-26,3.1,3.4,,,41.0,42.0,3.7,2.8,1.5,6.9,https://www.fnnews.com/news/202606290820269491,정당지지도; 기사에 민주 41%·국힘 42%로 표기; 2026-06-29 공표
리얼미터,에너지경제신문,무선ARS,2525,2026-06-29,2026-07-03,2.0,4.0,47.0,49.2,,,,,,,https://www.fnnews.com/news/202607060819046308,국정수행; 2026-07-06 공표
리얼미터,에너지경제신문,무선ARS,1808,2026-07-02,2026-07-03,3.1,2.8,,,43.0,40.3,1.9,3.0,1.6,6.5,https://www.fnnews.com/news/202607060819046308,정당지지도; 기사 추출값 n=1808과 MOE 3.1 불일치 - 표본수 재확인 필요; 2026-07-06 공표
리얼미터,에너지경제신문,무선ARS,2515,2026-07-06,2026-07-10,2.0,,48.9,47.7,,,,,,,https://www.fnnews.com/news/202607130835157200,국정수행; 응답률 기사 미기재; 2026-07-13 공표
리얼미터,에너지경제신문,무선ARS,1002,2026-07-09,2026-07-10,3.1,,,,44.8,38.1,2.7,3.7,0.6,,https://www.fnnews.com/news/202607130835157200,정당지지도; 응답률·무당층 기사 미기재; 2026-07-13 공표
리얼미터,에너지경제신문,무선ARS,2007,2026-07-13,2026-07-16,2.2,4.0,48.4,48.0,,,,,,,https://gnhong.com/6815,국정수행; 출처는 블로그 정리글(2차 출처); 2026-07-20 공표
리얼미터,에너지경제신문,무선ARS,1005,2026-07-15,2026-07-16,3.1,4.1,,,43.1,40.0,3.1,2.7,1.3,8.5,https://gnhong.com/6815,정당지지도; 출처는 블로그 정리글(2차 출처); 2026-07-20 공표
리얼미터,에너지경제신문,무선ARS,2505,2026-07-21,2026-07-24,2.0,3.6,46.3,49.5,,,,,,,https://www.thereport.co.kr/news/articleView.html?idxno=89931,국정수행; 2026-07-27 공표
리얼미터,에너지경제신문,무선ARS,1001,2026-07-23,2026-07-24,3.1,4.3,,,41.3,40.6,,,,12.0,https://www.thereport.co.kr/news/articleView.html?idxno=89931,정당지지도; 군소정당 기사 미기재; 2026-07-27 공표
리얼미터,에너지경제신문,무선ARS,2508,2026-07-27,2026-07-31,2.0,3.8,45.9,50.5,,,,,,,https://www.fnnews.com/news/202608030807080695,국정수행; 2026-08-03 공표
리얼미터,에너지경제신문,무선ARS,1002,2026-07-30,2026-07-31,3.1,3.3,,,45.1,37.7,2.0,2.4,0.9,9.5,https://www.fnnews.com/news/202608030807080695,정당지지도; 2026-08-03 공표
리얼미터,에너지경제신문,무선ARS,2514,2026-08-03,2026-08-07,2.0,4.0,43.3,53.0,,,,,,,https://www.seoul.co.kr/news/politics/president/2026/08/10/20260810500032,국정수행; 응답률 기사에 4%로 표기; 2026-08-10 공표
리얼미터,에너지경제신문,무선ARS,1007,2026-08-06,2026-08-07,3.1,3.4,,,44.6,37.6,2.9,2.9,1.5,9.0,https://www.seoul.co.kr/news/politics/president/2026/08/10/20260810500032,정당지지도; 2026-08-10 공표
리얼미터,에너지경제신문,무선ARS,2511,2026-08-10,2026-08-14,2.0,4.0,43.0,54.1,,,,,,,https://www.mt.co.kr/politics/2026/08/17/2026081710314952518,국정수행; 2026-08-17 공표
리얼미터,에너지경제신문,무선ARS,1004,2026-08-13,2026-08-14,3.1,3.5,,,47.9,33.1,2.5,2.2,1.9,,https://www.mt.co.kr/politics/2026/08/17/2026081710314952518,정당지지도; 무당층 기사 미기재; 2026-08-17 공표
리얼미터,에너지경제신문,무선ARS,2026,2026-08-18,2026-08-21,2.2,3.2,40.2,56.9,,,,,,,https://www.womennews.co.kr/news/articleView.html?idxno=281324,국정수행; 2026-08-24 공표
리얼미터,에너지경제신문,무선ARS,1009,2026-08-20,2026-08-21,3.1,2.9,,,41.9,37.6,3.9,2.0,2.3,9.7,https://www.womennews.co.kr/news/articleView.html?idxno=281324,정당지지도; 2026-08-24 공표
리얼미터,에너지경제신문,무선ARS,2509,2026-08-24,2026-08-28,2.0,3.9,38.9,58.7,,,,,,,https://www.ohmynews.com/NWS_Web/View/at_pg.aspx?CNTN_CD=A0003263126,국정수행; 2026-08-31 공표
리얼미터,에너지경제신문,무선ARS,1006,2026-08-27,2026-08-28,3.1,3.7,,,43.1,37.7,4.4,2.6,1.4,9.0,https://www.ohmynews.com/NWS_Web/View/at_pg.aspx?CNTN_CD=A0003263126,정당지지도; 2026-08-31 공표
리얼미터,에너지경제신문,무선ARS,2510,2026-08-31,2026-09-04,2.0,4.2,37.4,59.5,,,,,,,https://www.ohmynews.com/NWS_Web/View/at_pg.aspx?CNTN_CD=A0003265117,국정수행; 2026-09-07 공표
리얼미터,에너지경제신문,무선ARS,1001,2026-09-03,2026-09-04,3.1,3.8,,,41.8,37.6,4.5,2.3,1.3,10.5,https://www.ohmynews.com/NWS_Web/View/at_pg.aspx?CNTN_CD=A0003265117,정당지지도; 2026-09-07 공표
리얼미터,에너지경제신문,무선ARS,2515,2026-09-07,2026-09-11,2.0,4.5,33.8,63.3,,,,,,,https://www.newspim.com/news/view/20260914000145,국정수행; 2026-09-14 공표
리얼미터,에너지경제신문,무선ARS,1003,2026-09-10,2026-09-11,3.1,3.6,,,36.1,42.1,4.7,1.3,1.3,12.2,https://www.newspim.com/news/view/20260914000145,정당지지도; 2026-09-14 공표
리얼미터,에너지경제신문,무선ARS,2507,2026-09-14,2026-09-18,2.0,4.1,34.8,63.4,,,,,,,https://www.sisaweek.com/news/articleView.html?idxno=237993,국정수행; 2026-09-21 공표
리얼미터,에너지경제신문,무선ARS,1003,2026-09-17,2026-09-18,3.1,3.5,,,40.2,38.5,5.2,1.9,0.9,11.0,https://www.sisaweek.com/news/articleView.html?idxno=237992,정당지지도; 2026-09-21 공표
리얼미터,에너지경제신문,무선ARS,1508,2026-09-21,2026-09-23,2.5,3.8,37.9,60.1,,,,,,,https://www.news33.net/news/articleView.html?idxno=118251,국정수행; 추석 연휴로 3일 조사; 2026-09-28 공표
리얼미터,에너지경제신문,무선ARS,1005,2026-09-22,2026-09-23,3.1,3.5,,,38.7,39.4,4.0,2.9,1.4,10.2,https://www.sisaweek.com/news/articleView.html?idxno=238086,정당지지도; 2026-09-28 공표
여론조사꽃,여론조사꽃(자체),전화면접,1002,2026-09-04,2026-09-05,3.1,9.8,47.1,51.8,,,,,,,https://www.topstarnews.net/news/articleView.html?idxno=16185307,무선 전화면접; 정당 수치 기사 미기재; 2026-09-07 공표
여론조사꽃,여론조사꽃(자체),무선ARS,1005,2026-09-04,2026-09-05,3.1,2.3,41.9,56.9,,,,,,,https://www.topstarnews.net/news/articleView.html?idxno=16185307,ARS판; 정당 수치 기사 미기재; 2026-09-07 공표
여론조사꽃,여론조사꽃(자체),전화면접,1003,2026-09-18,2026-09-19,3.1,9.6,47.5,52.3,43.4,36.4,,,,,https://www.topstarnews.net/news/articleView.html?idxno=16203597,정당은 https://www.topstarnews.net/news/articleView.html?idxno=16203592; 군소정당·무당층 미확인; 2026-09-21 공표
여론조사꽃,여론조사꽃(자체),무선ARS,1007,2026-09-18,2026-09-19,3.1,2.6,40.7,58.7,40.9,42.6,,,,,https://www.topstarnews.net/news/articleView.html?idxno=16203597,정당은 https://www.topstarnews.net/news/articleView.html?idxno=16203592; 군소정당·무당층 미확인; 2026-09-21 공표
조원씨앤아이,스트레이트뉴스,무선ARS,2001,2026-06-13,2026-06-15,2.2,3.8,47.7,49.0,40.0,41.6,,,,,https://www.newspim.com/news/view/20260617000446,2026-06-17 공표; 군소정당 기사 미기재
조원씨앤아이,스트레이트뉴스,무선ARS,2001,2026-08-22,2026-08-24,2.2,,38.9,,,,,,,,https://www.ytn.co.kr/_ln/0101_202608261907037868,2026-08-26 공표; 부정·정당 기사 미기재
조원씨앤아이,스트레이트뉴스,무선ARS,2001,2026-09-05,2026-09-07,2.2,,38.1,59.8,42.5,,,,,,https://www.huffingtonpost.kr/article/260296,2026-09-09 공표; 민주 외 정당 기사 미기재
조원씨앤아이,스트레이트뉴스,무선ARS,2007,2026-09-19,2026-09-21,,,37.0,60.8,40.3,37.3,4.2,1.8,0.6,12.5,https://www.polinews.co.kr/news/articleView.html?idxno=743939,2026-09-23 공표; MOE·응답률 기사 미기재; 의견없음 1.2 별도
에이스리서치,뉴시스,무선ARS,1018,2026-08-09,2026-08-10,3.1,2.6,44.3,51.5,,,,,,,https://www.fnnews.com/news/202608110502291361,2026-08-11 공표; 정당 기사 미기재
에이스리서치,,무선ARS,1010,2026-09-28,2026-09-29,3.1,2.7,39.1,59.2,,,,,,,https://www.topstarnews.net/news/articleView.html?idxno=16231305,2026-10-01 공표; 의뢰처 기사 미기재(뉴시스 추정되나 미확인); 정당은 민주 39.0·국힘 29.4로 검색 제목에만 보여 미기재
리서치뷰,리서치뷰(자체),무선ARS,1000,2026-09-28,2026-09-30,3.1,2.8,37.6,60.3,34.2,39.0,6.4,2.7,1.4,,https://www.dt.co.kr/article/12086964,2026-10-01 공표; 부정은 https://www.topstarnews.net/news/articleView.html?idxno=16231420
미디어토마토,뉴스토마토,무선ARS,1033,2026-08-22,2026-08-23,3.0,,40.0,54.9,39.8,33.0,6.2,,,,https://www.huffingtonpost.kr/article/259816,2026-08-25 공표; 응답률·군소정당 기사 미기재
미디어토마토,뉴스토마토,무선ARS,1040,2026-09-25,2026-09-26,3.0,2.3,36.5,60.3,36.9,38.2,7.1,2.9,1.4,9.6,https://www.dt.co.kr/article/12086108,199차; 2026-09-28 공표; 무당층·부정은 https://www.freezinenews.com/news/articleView.html?idxno=30088
리얼미터,에너지경제신문,무선ARS,2515,2026-09-28,2026-10-02,2.0,3.9,37.4,59.8,,,,,,,https://v.daum.net/v/20261005094547197,국정수행; 2026-10-05 공표
리얼미터,에너지경제신문,무선ARS,1009,2026-10-01,2026-10-02,3.1,3.0,,,42.5,38.4,5.2,1.5,1.3,9.5,https://v.daum.net/v/20261005094547197,정당지지도; 2026-10-05 공표
여론조사꽃,여론조사꽃(자체),전화면접,1003,2026-10-02,2026-10-03,3.1,9.7,47.1,52.2,42.3,37.8,,,,,https://www.topstarnews.net/news/articleView.html?idxno=16238369,정당은 https://www.topstarnews.net/news/articleView.html?idxno=16238365; 응답률은 namdonews idxno=925185; 군소정당·무당층 미확인
여론조사꽃,여론조사꽃(자체),무선ARS,1004,2026-10-02,2026-10-03,3.1,2.0,38.8,60.6,40.6,42.6,,,,,https://www.topstarnews.net/news/articleView.html?idxno=16238369,ARS판; 정당은 https://www.topstarnews.net/news/articleView.html?idxno=16238365; 응답률은 namdonews idxno=925185; 군소정당·무당층 미확인
